R2_train,R2test,R2_adj_train,R2_test_adj,mse_train,mse_test,RMSE_train,RMSE_test,max_error_train,max_error_test
0.7115580187689332,0.798647288960114,0.7085089491998944,0.793613471184117,1847872276.2375593,1203571128.506504,42986.88493293692,34692.52265988312,34692.52265988312,597274.1853766614
0.798138221922975,0.80643107152341,0.7960028716612293,0.8015837694747474,1229946510.3386936,1297984549.5176861,35070.59324189845,36027.55264402075,36027.55264402075,231705.7666070899
0.9198612638536053,0.9123937797418828,0.9170260305892203,0.9048094956559328,513400123.46888465,523659785.0394218,22658.334525487186,22883.61389814602,22883.61389814602,230770.781899184
0.9109331804471489,0.9141980621553594,0.9079813982429478,0.9072615258796942,570596921.7168878,512874818.65224296,23887.170651144264,22646.73969144881,22646.73969144881,395436.1485200308
